WELL_ID,ARRAY_CHECK,GERMLINE_CONTAMINATION,TUMOUR_CONTAMINATION_CONTEST,TUMOUR_CONTAMINATION_CONPAIR,TUMOUR_PURITY,GC_DROP,AT_DROP,COVERAGE_HOMOGENEITY,CHIMERIC_PER,DEAMINATION_MISMATCHES_PER,AV_FRAGMENT_SIZE_BP,MAPPING_RATE_PER,GbQ30NoDupsNoClip,perc_bases_ge_15x_mapQ_ge11,SNV_LOG,INDEL_LOG,SNV,INDEL,SVS,COLLECTION_DATE,TUMOUR_TYPE,DUPL_RATE,COSMIC_COV_LT30X,MEDIAN_COV,DIVERSITY
LP3000223-DNA_B02,,,Pass,Pass,73,-6.48,7.50,28.20,3.01,26.63,644.10,90.19,306.20,97.0,4.40,4.12,25280,13300,397,2016-12-09,Renal,11.90,1.16,82.51,4232950509
LP3000223-DNA_E02,,,Pass,Pass,24,-2.42,4.43,23.45,0.76,25.09,361.50,94.82,307.47,96.9,4.25,4.07,17714,11804,119,2016-12-22,Renal,10.34,.96,97.48,5448251963
LP3000223-DNA_F02,,,Pass,Pass,39,-0.89,4.49,16.45,1.01,27.88,445.20,93.42,286.70,96.9,4.13,4.23,13759,17009,249,2016-02-09,Prostate,15.06,1.30,89.18,3495004028
LP3000223-DNA_G01,,,Pass,Pass,22,-1.78,4.96,33.90,0.47,24.55,379.80,95.46,322.52,96.7,4.32,4.04,20795,11011,116,2016-09-14,Renal,11.34,1.81,100.22,5181230605
LP3000228-DNA_A01,,,Pass,Pass,89,-5.38,7.79,26.51,0.51,29.37,368.80,95.80,318.41,96.9,4.39,4.19,24474,15485,174,2016-12-08,Colorectal,12.04,1.67,101.21,4847407341
LP3000228-DNA_A02,,,Pass,Pass,73,-18.61,12.63,46.97,0.67,24.68,355.70,94.12,297.03,96.8,4.63,4.24,42525,17538,201,2016-12-14,Colorectal,13.39,3.46,82.35,4095602781
LP3000228-DNA_B01,,,Pass,Pass,35,-15.60,13.73,44.46,0.69,27.31,342.40,93.72,300.61,96.8,4.21,4.13,16358,13721,126,2016-12-08,Renal,9.87,2.20,88.63,5557186902
LP3000228-DNA_C01,,,Pass,Pass,27,-20.64,14.96,48.87,0.89,30.04,399.00,93.00,279.91,96.6,4.24,4.21,17471,16395,261,2016-12-22,Prostate,13.76,9.14,78.07,3799729049
LP3000228-DNA_D02,,,Pass,Pass,33,-15.21,11.45,39.89,0.50,29.69,365.60,94.05,297.18,96.8,4.15,4.12,14314,13323,292,2016-12-14,Breast,11.52,1.69,87.82,4813894630
LP3000228-DNA_E02,,,Pass,Pass,42,-15.58,12.17,41.27,0.67,27.87,344.70,94.05,308.42,96.8,4.16,4.12,14471,13168,146,2016-12-22,Testicular Germ Cell Tumours,10.62,1.37,91.03,5368269980
LP3000228-DNA_F01,,,Pass,Pass,20,-2.51,5.62,27.21,0.37,28.81,403.40,95.14,300.10,96.8,4.12,4.11,13262,12901,104,2016-10-25,Breast,8.21,1.10,95.80,6603926420
LP3000228-DNA_F02,,,Pass,Pass,76,-9.15,9.87,30.85,0.42,25.58,349.10,95.16,307.71,96.8,4.46,4.22,28736,16647,826,2016-12-01,Breast,11.82,1.60,96.19,4873283208
LP3000228-DNA_G01,,,Pass,Pass,45,-21.37,13.91,51.87,0.92,30.27,440.10,93.52,297.78,96.7,4.19,4.64,15674,43520,280,2016-12-15,Breast,12.75,4.28,78.97,4277482629
LP3000228-DNA_H01,,,Pass,Pass,24,-5.90,9.83,30.52,0.56,19.71,375.10,94.47,314.48,96.9,4.65,4.18,45176,15080,251,2016-05-27,Lung,11.79,1.10,98.76,4844635725
LP3000289-DNA_A02,,,Pass,Pass,20,-7.11,7.61,25.68,0.72,29.14,428.70,95.46,325.09,97.0,4.18,4.17,15336,15022,248,N/A,N/A,12.68,.58,97.97,4541963339
LP3000289-DNA_A03,,,Pass,Pass,61,-5.92,7.07,18.72,1.84,29.85,540.60,89.07,281.70,96.9,4.16,4.04,14351,10952,338,N/A,N/A,17.84,1.09,77.83,2661211416
LP3000289-DNA_A04,,,Pass,Pass,58,-6.36,7.77,35.63,0.38,32.61,408.20,95.21,313.01,96.5,4.25,4.24,17882,17649,88,N/A,N/A,13.39,.94,95.86,4283025861
LP3000289-DNA_A07,,,Pass,Pass,34,-12.06,10.17,28.52,1.45,22.81,518.80,92.75,294.58,96.9,4.61,4.25,41347,17868,435,N/A,N/A,20.14,.76,81.50,2593882382
LP3000289-DNA_A08,,,Pass,Pass,21,-1.69,3.85,28.21,0.55,21.66,461.70,95.75,330.63,97.0,4.33,4.13,21628,13708,87,N/A,N/A,9.64,.72,101.77,6051361561
LP3000289-DNA_A10,,,Pass,Pass,24,-12.41,9.85,34.50,0.81,28.99,469.30,95.03,310.39,96.9,4.36,4.10,23060,12704,533,N/A,N/A,12.35,.57,87.45,4433542490
LP3000289-DNA_B02,,,Pass,Pass,20,-1.49,6.40,23.95,0.43,29.74,460.10,96.29,326.51,97.0,3.83,3.52,6706,3356,43,N/A,N/A,10.61,.92,104.43,5583003163
LP3000289-DNA_B03,,,Pass,Pass,20,-1.24,4.93,20.49,0.55,29.33,393.80,95.74,323.14,97.0,4.23,4.13,17199,13606,112,N/A,N/A,11.59,1.12,100.79,4972279072
LP3000289-DNA_B08,,,Pass,Pass,20,3.43,1.97,18.71,0.32,27.70,412.70,96.25,319.14,96.9,4.25,4.18,17705,15100,277,N/A,N/A,12.71,1.39,101.91,4530198872
LP3000289-DNA_C01,,,Pass,Pass,40,0.82,4.37,20.18,0.44,28.04,383.50,95.91,309.89,96.8,4.22,4.23,16719,17258,226,N/A,N/A,11.22,1.74,98.07,4984684289
LP3000289-DNA_C02,,,Pass,Pass,41,-11.02,11.72,41.67,0.81,31.62,455.80,93.26,312.23,96.6,4.37,4.30,23645,19945,161,N/A,N/A,12.65,1.19,87.10,4366777837
LP3000289-DNA_C03,,,Pass,Pass,44,-16.54,11.51,35.97,1.60,24.95,524.60,91.87,292.69,96.8,4.63,4.19,42914,15597,326,N/A,N/A,14.55,.76,77.02,3508452326
LP3000289-DNA_C05,,,Pass,Pass,20,1.40,2.11,22.66,0.40,25.15,408.10,96.57,318.22,96.8,4.19,4.00,15547,10027,160,N/A,N/A,12.12,1.16,101.64,4637919366
LP3000289-DNA_C06,,,Pass,Pass,20,-7.26,7.48,29.33,1.51,29.01,526.30,92.65,300.90,97.0,4.18,4.19,15207,15475,242,N/A,N/A,15.92,.89,82.86,3184869886
LP3000289-DNA_C07,,,Pass,Pass,21,-9.69,8.06,26.36,0.94,27.41,509.90,84.74,303.50,96.9,4.07,4.06,11733,11612,122,N/A,N/A,10.39,1.35,83.64,4845783115
LP3000289-DNA_C08,,,Pass,Pass,40,-6.64,6.96,19.93,1.16,27.73,518.30,88.29,306.03,97.0,4.15,4.16,14168,14433,151,N/A,N/A,13.40,.86,88.38,3820903599
LP3000289-DNA_C09,,,Pass,Pass,89,-13.45,11.92,35.46,0.63,29.25,444.00,92.23,326.28,96.1,4.41,4.24,25866,17385,235,N/A,N/A,11.43,1.04,93.39,4838876426
LP3000289-DNA_D01,,,Pass,Pass,24,-7.29,8.25,38.28,0.75,27.97,373.60,94.31,306.46,96.4,4.40,4.28,24921,19286,134,N/A,N/A,12.64,1.25,89.42,4316229373
LP3000289-DNA_D02,,,Pass,Pass,25,-24.41,16.23,50.72,1.10,27.46,429.80,91.35,274.95,96.2,4.29,4.23,19483,17058,490,N/A,N/A,16.77,2.46,65.09,3022409976
LP3000289-DNA_D03,,,Pass,Pass,57,-13.07,12.35,39.01,0.79,28.71,342.80,90.90,287.20,96.1,4.37,4.25,23515,17754,196,N/A,N/A,15.31,1.84,76.19,3302857280
LP3000289-DNA_D04,,,Pass,Pass,54,-6.98,6.97,24.59,0.49,29.19,396.60,88.58,293.04,96.6,4.17,4.07,14973,11944,193,N/A,N/A,18.81,2.00,86.75,2747472376
LP3000289-DNA_D05,,,Pass,Pass,59,-3.19,7.14,24.39,0.54,38.69,437.50,95.92,324.38,97.0,4.91,5.32,81582,210846,202,N/A,N/A,9.85,.88,102.17,5744025111
LP3000289-DNA_D06,,,Pass,Pass,50,1.66,3.84,20.54,0.39,25.85,446.50,96.97,343.83,97.0,4.23,4.11,16946,12935,187,N/A,N/A,8.34,1.09,112.09,7225126028
LP3000289-DNA_D07,,,Pass,Pass,20,-5.14,5.61,23.14,1.57,28.68,553.60,87.16,295.70,97.0,4.10,4.13,12543,13514,236,N/A,N/A,12.50,1.07,81.42,3847137094
LP3000289-DNA_D08,,,Pass,Pass,41,0.34,3.49,18.84,0.47,29.99,416.00,96.22,314.16,97.0,4.14,4.09,13821,12251,134,N/A,N/A,12.36,1.08,99.67,4576817155
LP3000289-DNA_E01,,,Pass,Pass,20,-1.51,5.16,21.45,0.50,44.65,447.60,96.39,319.54,97.0,5.06,5.25,114773,177935,113,N/A,N/A,8.50,1.00,102.39,6759494543
LP3000289-DNA_E02,,,Pass,Pass,50,-5.79,7.06,23.24,0.61,28.01,386.30,94.09,284.04,96.9,4.15,4.09,14108,12224,162,N/A,N/A,15.99,1.09,84.55,3080349416
LP3000289-DNA_E03,,,Pass,Pass,80,-9.91,9.04,28.29,0.79,29.43,408.00,91.42,306.40,97.0,4.17,4.13,15003,13628,189,N/A,N/A,15.82,.86,87.13,3358181566
LP3000289-DNA_E04,,,Pass,Pass,20,0.84,1.18,21.91,0.32,35.63,438.40,91.04,318.58,96.9,4.57,4.86,37692,72071,47,N/A,N/A,12.18,1.91,98.80,4603095353
LP3000289-DNA_E05,,,Pass,Pass,40,-6.02,6.80,18.51,1.40,29.90,544.00,86.90,289.38,97.0,4.10,4.19,12541,15376,269,N/A,N/A,14.17,.99,81.23,3327798098
LP3000289-DNA_E06,,,Pass,Pass,20,-3.17,5.77,20.60,0.65,31.85,412.90,95.92,333.17,97.0,4.26,4.11,18245,13046,129,N/A,N/A,11.28,.70,103.43,5194537342
LP3000289-DNA_E08,,,Pass,Pass,21,-12.21,9.76,26.77,0.89,29.06,449.90,87.45,284.79,96.8,4.11,4.09,12941,12320,188,N/A,N/A,14.58,.98,79.42,3386013210
LP3000289-DNA_E09,,,Pass,Pass,45,3.48,0.89,31.66,0.73,27.69,417.70,94.55,326.25,96.8,4.27,4.18,18775,15264,231,N/A,N/A,12.59,2.53,99.84,4569597542
LP3000289-DNA_F01,,,Pass,Pass,23,-0.58,5.04,19.51,0.47,28.76,411.20,95.94,319.74,97.0,4.24,4.19,17594,15663,85,N/A,N/A,11.10,1.18,100.80,5176201463
LP3000289-DNA_F02,,,Pass,Pass,62,-20.58,15.00,46.18,0.92,28.73,433.90,92.25,277.38,96.3,4.52,4.35,33169,22475,422,N/A,N/A,21.89,2.30,70.08,2344364300
LP3000289-DNA_F04,,,Pass,Pass,25,-15.03,10.70,41.25,0.73,31.98,364.70,93.48,294.02,96.2,4.28,4.26,19032,18041,171,N/A,N/A,15.02,1.22,83.33,3519825637
LP3000289-DNA_F06,,,Pass,Pass,50,-13.29,10.02,34.75,1.06,29.95,507.00,92.98,314.63,96.8,4.34,4.22,21917,16751,134,N/A,N/A,11.36,.83,88.62,4847377539
LP3000289-DNA_F09,,,Pass,Pass,40,-10.64,10.54,23.63,0.63,25.50,379.60,87.61,298.94,96.9,4.27,4.20,18711,15983,114,N/A,N/A,13.73,.97,86.05,3742910922
LP3000289-DNA_G02,,,Pass,Pass,20,-12.35,9.15,37.61,0.59,37.43,389.00,90.55,301.31,96.2,5.01,5.41,103187,258855,214,N/A,N/A,16.35,.87,86.12,3295421600
LP3000289-DNA_G04,,,Pass,Pass,40,-8.56,7.97,21.58,1.64,28.96,540.30,86.97,287.07,97.0,4.15,4.04,14197,11142,414,N/A,N/A,14.87,1.03,78.36,3159087151
LP3000289-DNA_G06,,,Pass,Pass,100,-2.12,4.39,21.06,0.57,20.94,458.50,96.07,329.35,97.0,4.34,4.10,22227,12725,89,N/A,N/A,10.04,.80,103.30,5819335580
LP3000289-DNA_G07,,,Pass,Pass,20,-18.09,13.47,33.68,1.03,21.89,474.50,87.40,280.36,96.8,4.53,4.17,34101,15027,197,N/A,N/A,15.23,1.03,75.11,3253094852
LP3000289-DNA_G08,,,Pass,Pass,33,-13.32,11.24,31.92,0.73,18.64,383.70,92.51,294.01,96.8,4.59,4.03,38758,10821,116,N/A,N/A,13.59,.69,84.40,3850873560
LP3000289-DNA_G09,,,Pass,Pass,20,-7.56,8.58,27.08,0.54,35.41,429.70,95.72,328.61,97.0,5.14,5.54,138688,345038,394,N/A,N/A,11.83,.76,100.69,4920028150
LP3000289-DNA_H02,,,Pass,Pass,33,-8.35,8.66,29.13,0.64,47.99,410.00,94.41,313.88,96.9,4.92,5.37,83835,234807,182,N/A,N/A,11.61,.91,92.50,4717715085
LP3000289-DNA_H03,,,Pass,Pass,25,-10.54,7.85,35.35,0.71,20.19,410.00,92.49,321.46,96.8,4.87,4.21,74023,16255,151,N/A,N/A,10.97,.66,93.69,5150444806
LP3000289-DNA_H04,,,Pass,Pass,80,-5.59,7.09,33.42,0.91,27.61,483.80,92.60,308.26,96.9,4.21,4.13,16403,13618,349,N/A,N/A,12.88,1.19,85.79,4023417831
LP3000289-DNA_H05,,,Pass,Pass,20,-7.16,8.00,26.96,0.55,28.64,426.00,90.85,311.19,96.9,4.15,4.08,14099,12061,106,N/A,N/A,10.36,1.17,91.44,5112662912
LP3000289-DNA_H07,,,Pass,Pass,64,-6.90,8.42,29.08,0.60,28.26,341.50,92.11,281.82,96.5,4.18,4.22,15083,16728,438,N/A,N/A,14.54,1.72,83.02,3603409976
LP3000289-DNA_H08,,,Pass,Pass,33,-5.05,5.56,28.04,0.60,21.08,412.20,92.19,308.91,96.7,4.64,4.25,43905,17677,340,N/A,N/A,14.45,1.08,93.36,3779452294
LP2000907-DNA_A01,,,Pass,Pass,75,-4.05,8.82,23.31,0.55,27.28,383.70,95.51,328.45,96.9,4.46,3.79,29418,6143,264,2015-12-17,Breast,14.04,1.10,102.70,4248626530
LP2000907-DNA_A02,,,Pass,Pass,20,-16.41,13.93,49.58,0.70,26.41,364.40,94.96,294.66,96.7,4.92,4.23,84082,17311,192,2015-11-12,Prostate,15.82,6.17,86.88,3416560590
LP2000907-DNA_B01,,,Pass,Pass,44,-1.25,5.09,22.57,0.82,24.72,438.80,95.28,325.12,96.9,4.60,4.31,39743,20661,159,2015-12-17,Colorectal,8.70,.97,102.39,6596639752
LP2000907-DNA_B02,,,Pass,Pass,92,-4.50,7.75,25.23,0.51,27.00,373.10,95.54,305.12,96.8,4.50,4.40,31862,24956,273,2015-10-28,Breast,14.34,1.54,95.59,3926269710
LP2000907-DNA_C02,,,Fail,Fail
LP2000907-DNA_D01,,,Pass,Pass,50,-18.08,14.82,47.98,0.97,27.25,441.70,93.24,300.39,96.7,5.40,4.34,254142,22016,383,2015-11-27,Prostate,17.32,3.95,82.56,3140971065
LP2000907-DNA_D02,,,Pass,Pass,42,-17.00,13.31,46.59,0.72,26.88,367.10,95.68,313.79,96.7,4.97,4.41,93580,25730,388,2015-11-12,Breast,11.08,4.15,91.41,5159020424
LP2000907-DNA_E01,,,Pass,Pass,28,-2.03,3.86,23.91,0.45,25.00,452.30,93.04,305.08,96.8,4.33,4.15,21428,14051,118,2015-09-22,Lung,10.47,1.16,98.43,5178540945
LP2000907-DNA_E02,,,Pass,Pass,64,-21.65,16.94,53.55,0.92,30.04,421.00,94.24,281.90,94.8,5.75,5.84,565759,690640,491,2015-11-05,Colorectal,17.07,14.62,79.32,3029178828
LP2000907-DNA_F02,,,Pass,Pass,20,0.57,4.27,19.15,0.61,32.98,426.00,95.47,283.37,96.8,4.50,4.16,31994,14426,338,2015-12-22,Breast,15.96,1.40,89.53,3241762519
LP2000907-DNA_G01,,,Pass,Pass,55,-4.70,9.53,20.90,0.72,31.73,410.00,95.27,225.55,96.7,4.61,4.61,40690,40706,108,2015-11-19,Colorectal,14.10,1.60,70.61,2864222974
LP2000907-DNA_G02,,,Pass,Pass,46,0.46,3.87,24.69,0.78,28.09,433.10,95.79,330.07,96.9,4.47,4.29,29708,19606,79,2015-12-10,Colorectal,9.70,1.15,104.25,6080344319
LP2000907-DNA_H01,,,Pass,Pass,75,-18.97,14.95,51.17,0.84,31.13,439.50,94.51,306.45,96.7,5.62,5.64,413032,441465,306,2015-10-28,Colorectal,13.92,4.64,87.51,4012897611
LP3000074-DNA_A01,,,Pass,Pass,26,-3.21,5.99,22.86,0.47,26.93,464.80,95.45,334.69,96.9,4.58,4.34,38391,21855,201,2016-02-15,Colorectal,15.23,1.14,107.39,3878183663
LP3000074-DNA_A02,,,Pass,Pass,49,-5.14,5.95,25.52,0.80,27.22,495.60,93.99,335.89,97.0,4.48,4.33,30473,21215,101,2016-02-02,Breast,13.85,.59,99.55,4212789238
LP3000074-DNA_A03,,,Pass,Pass,35,-19.95,14.16,45.09,1.06,26.67,445.90,94.68,264.49,96.6,5.46,4.61,292987,40776,247,2016-01-14,Breast,13.30,4.82,70.32,3579095006
LP3000074-DNA_A05,,,Pass,Pass,35,-4.83,7.19,22.72,2.86,23.87,663.60,87.11,284.96,96.9,5.72,4.75,526907,56135,250,2015-10-28,Colorectal,13.24,1.43,75.62,3388173878
LP3000074-DNA_A06,,,Pass,Pass,35,-4.40,7.35,27.68,3.14,23.86,690.50,90.78,303.08,97.0,5.93,4.90,862564,79459,365,2015-10-28,Colorectal,19.62,1.14,80.51,2513807267
LP3000074-DNA_A07,,,Pass,Pass,25,-6.77,6.69,38.26,0.92,30.93,550.20,94.73,354.63,97.1,5.37,4.53,234641,34006,131,2015-12-03,Colorectal,8.96,.59,102.65,6661444903
LP3000074-DNA_B01,,,Pass,Pass,68,-13.47,10.87,40.25,0.63,25.45,392.40,95.66,316.32,96.8,4.86,4.44,72902,27472,433,2016-04-29,Breast,17.34,1.52,94.19,3308288753
LP3000074-DNA_B02,,,Pass,Pass,20,-13.78,9.15,42.54,1.38,33.31,558.70,93.95,326.71,97.0,5.39,5.59,244001,388798,251,2016-01-14,Colorectal,15.32,1.03,89.93,3658454865
LP3000074-DNA_B07,,,Pass,Pass,34,-8.23,7.00,32.97,0.93,17.87,489.60,95.08,343.80,96.9,5.27,4.59,186683,39177,331,2016-01-19,Lung,12.85,.71,105.28,4687353969
LP3000074-DNA_B08,,,Pass,Pass,62,-18.95,12.83,34.93,2.96,23.69,638.70,84.90,268.83,96.8,5.93,4.85,849631,71130,402,2016-01-20,Colorectal,17.53,3.45,64.73,2500142902
LP3000074-DNA_C01,,,Pass,Pass,59,-0.70,5.47,19.91,0.42,25.23,405.80,95.34,314.15,96.9,4.36,4.33,23252,21364,95,2016-04-22,Ovarian,11.36,1.62,99.65,4926435649
LP3000074-DNA_C02,,,Pass,Pass,51,-5.46,7.26,21.99,1.74,24.84,537.10,92.35,291.79,96.9,5.33,4.57,214020,37257,352,2015-12-16,Colorectal,15.56,.88,81.84,3178488463
LP3000074-DNA_C04,,,Pass,Pass,59,-9.47,7.48,27.42,0.54,25.88,442.50,90.36,325.81,96.8,4.65,4.46,44665,29151,203,2016-02-16,Colorectal,10.76,1.01,98.41,5195394158
LP3000074-DNA_C07,,,Pass,Pass,57,-10.19,7.64,25.53,0.57,22.80,398.40,88.02,316.27,96.7,4.58,4.53,38498,34426,165,2015-11-23,Colorectal,14.43,1.11,93.38,3734927625
LP3000074-DNA_C08,,,Pass,Pass,68,-19.34,18.10,54.95,1.09,26.44,452.20,93.35,310.81,89.0,5.57,4.59,370753,38736,226,2016-03-02,Colorectal,14.02,11.14,90.33,3878328949
LP3000074-DNA_D01,,,Pass,Pass,20,-4.12,6.29,31.34,0.48,27.49,431.70,96.07,314.14,96.9,4.38,4.15,24158,14284,205,2016-02-23,Prostate,16.94,1.06,100.32,3355070949
LP3000074-DNA_D06,,,Pass,Pass,20,-5.87,9.07,33.36,3.74,22.41,754.50,87.39,293.30,97.0,5.88,4.99,764104,97239,652,2015-10-29,Breast,14.57,1.41,67.39,3006551415
LP3000074-DNA_D07,,,Pass,Pass,76,-3.03,5.23,21.03,1.17,24.88,527.40,91.04,314.72,97.0,4.72,4.43,52405,27201,196,2015-10-13,Breast,13.47,1.00,92.06,3906950355
LP3000074-DNA_D08,,,Pass,Pass,20,-21.13,16.19,48.61,1.29,26.78,476.40,90.51,287.39,96.6,5.79,4.61,611801,40849,241,2016-03-30,Lung,15.82,7.96,76.25,3166940063
LP3000074-DNA_E02,,,Fail,Fail
LP3000074-DNA_E04,,,Pass,Pass,38,-15.84,9.33,25.96,0.67,24.00,371.10,82.15,290.90,96.7,4.94,4.43,88128,26679,274,2015-11-23,Lung,12.39,.93,81.71,3954753280
LP3000074-DNA_E05,,,Pass,Pass,39,-10.50,7.60,35.61,0.73,25.74,429.70,93.62,305.92,96.9,4.51,4.49,32527,31074,216,2016-01-13,Lung,13.61,.76,87.78,3968037665
LP3000074-DNA_E06,,,Pass,Pass,20,-2.49,4.36,29.09,0.37,15.90,420.50,96.12,320.23,96.8,5.02,4.49,104553,30763,148,2015-11-06,Lung,12.15,1.12,102.04,4738628864
LP3000074-DNA_E08,,,Pass,Pass,32,-15.07,11.46,23.16,2.46,24.31,569.10,81.79,250.59,96.7,5.80,4.86,636108,71756,617,2015-12-08,Colorectal,19.69,1.84,61.87,2094041556
LP3000074-DNA_F01,,,Pass,Pass,46,-8.91,8.45,35.64,0.79,26.79,410.10,95.62,327.36,96.9,4.72,4.44,52661,27791,222,2016-02-11,Colorectal,12.40,.86,100.39,4671156407
LP3000074-DNA_F02,,,Pass,Pass,45,-7.99,7.64,27.32,1.92,23.98,553.80,92.86,295.21,96.9,5.54,4.65,349149,45155,223,2016-01-05,Colorectal,11.84,.84,81.39,4241585732
LP3000074-DNA_F03,,,Pass,Pass,30,-2.45,3.91,27.44,0.26,17.05,403.20,97.08,296.09,96.6,4.96,4.41,91831,25768,215,2015-10-14,Lung,18.14,1.15,97.38,3073535860
LP3000074-DNA_F05,,,Pass,Pass,35,-20.22,12.00,32.53,0.59,25.96,373.80,83.81,278.92,96.7,4.78,4.50,60604,31385,183,2015-12-04,Colorectal,14.38,.91,76.53,3327708691
LP3000074-DNA_F06,,,Pass,Pass,33,-16.81,10.36,50.16,0.68,17.94,413.60,95.38,320.29,96.8,5.04,4.25,109431,17829,143,2015-12-07,Lung,12.85,1.15,92.03,4399135709
LP3000074-DNA_F07,,,Pass,Pass,46,-5.52,6.22,35.96,1.03,28.76,544.60,91.09,313.55,97.0,4.53,4.35,33612,22589,303,2016-02-09,Colorectal,11.89,1.39,85.39,4309952259
LP3000074-DNA_F08,,,Pass,Pass,91,-6.97,11.40,31.24,0.37,24.14,343.40,94.91,289.97,96.6,4.53,4.18,33555,15185,262,2016-03-09,Ovarian,15.69,2.50,88.24,3422755748
LP3000074-DNA_G01,,,Pass,Pass,71,-4.02,5.42,32.81,0.77,24.00,457.30,95.11,323.91,97.0,4.37,4.50,23566,32160,110,2016-01-26,Breast,13.38,.70,95.25,4210278392
LP3000074-DNA_G03,,,Pass,Pass,34,-4.01,5.40,31.34,0.76,40.59,441.40,94.50,321.01,96.9,5.36,4.43,226464,27221,316,2015-10-15,Breast,9.88,.87,95.62,5565479398
LP3000074-DNA_G05,,,Pass,Pass,23,-0.64,3.96,23.03,0.87,24.40,511.50,93.78,317.91,97.0,4.40,4.24,24906,17384,163,2015-10-20,Breast,12.36,.84,95.88,4442013800
LP3000074-DNA_G06,,,Pass,Pass,53,-6.64,6.31,32.45,0.57,24.66,419.40,95.25,325.19,96.9,4.43,4.33,27237,21281,111,2015-12-16,Lung,14.35,.90,101.39,4030793905
LP3000074-DNA_G07,,,Pass,Pass,31,-22.24,13.37,41.28,1.71,25.97,526.30,82.51,276.44,96.7,5.46,4.60,287192,39451,349,2016-03-11,Colorectal,15.14,1.37,63.28,2947133035
LP3000074-DNA_G08,,,Pass,Pass,65,-4.67,5.56,31.11,0.87,28.27,505.70,93.93,310.62,96.9,4.60,4.56,39750,36811,162,2015-10-06,Colorectal,13.15,.86,87.35,4056893289
LP3000074-DNA_H01,,,Pass,Pass,31,-3.15,3.94,35.28,0.74,28.10,443.80,91.02,319.62,96.7,4.45,4.36,28550,23355,154,2016-01-21,Colorectal,11.13,1.73,95.40,4916906357
LP3000074-DNA_H03,,,Pass,Pass,20,0.18,4.04,22.03,0.87,25.91,514.50,94.97,315.93,97.0,4.36,4.35,23358,22606,112,2015-10-13,Breast,9.61,.85,95.50,5586661399
LP3000074-DNA_H04,,,Pass,Pass,68,-16.09,12.44,40.95,0.85,26.83,442.10,93.42,279.98,96.8,5.24,4.40,173405,25310,197,2015-09-23,Prostate,12.62,2.15,80.82,3980010748
LP3000074-DNA_H05,,,Fail,Fail
LP3000074-DNA_H06,,,Pass,Pass,55,-17.64,14.71,43.22,0.98,26.52,443.60,93.56,285.81,96.7,5.56,4.46,363620,29156,204,2016-03-30,Lung,16.51,1.83,79.37,3138706088
LP3000074-DNA_H08,,,Pass,Pass,58,-6.95,6.19,30.00,0.43,27.17,420.40,94.68,310.28,96.7,4.55,4.44,35647,27922,168,2015-12-22,Colorectal,12.57,.96,95.75,4480496049
LP3000079-DNA_A02,,,Pass,Pass,35,-18.40,13.31,44.26,1.38,29.53,467.40,92.87,287.47,96.7,4.28,4.03,19310,10764,349,2016-02-01,Breast,11.84,3.02,76.95,4255153239
LP3000079-DNA_A04,,,Pass,Pass,25,-1.92,4.54,25.58,0.75,26.13,417.10,94.17,285.80,96.9,4.46,4.17,28652,15047,195,2015-10-01,Breast,15.94,1.03,84.23,3153454512
LP3000079-DNA_A06,,,Fail,Fail
LP3000079-DNA_B01,,,Pass,Pass,35,-17.14,13.41,45.45,0.54,27.77,389.90,96.22,307.09,96.7,4.87,4.40,74356,24889,375,2016-02-17,Breast,13.49,2.74,90.56,4142053425
LP3000079-DNA_B02,,,Pass,Pass,65,-20.17,16.62,41.26,1.47,27.25,450.40,88.78,250.66,96.1,5.84,4.62,698797,41645,713,2015-12-17,Prostate,22.73,13.49,61.46,1971140504
LP3000079-DNA_B03,,,Pass,Pass,31,-4.06,4.56,25.03,0.74,21.31,404.60,94.73,305.52,96.8,5.00,4.42,100122,26275,304,2015-10-26,Lung,16.37,1.01,94.89,3374170512
LP3000079-DNA_B04,,,Pass,Pass,28,-10.56,8.72,31.39,1.11,24.03,494.60,94.15,312.91,96.9,5.07,4.43,117597,26862,455,2016-01-29,Lung,12.86,.89,92.35,4275806248
LP3000079-DNA_B06,,,Pass,Pass,51,-18.87,12.78,35.48,0.87,25.81,473.80,95.76,232.22,96.4,4.90,4.33,79398,21678,374,2016-04-29,Breast,13.23,7.75,65.12,3085348755
LP3000079-DNA_C02,,,Pass,Pass,65,-4.61,8.42,32.83,0.52,24.55,441.70,96.18,331.85,96.9,4.37,4.21,23591,16220,127,2016-03-30,Breast,10.28,1.01,107.20,5695313215
LP3000079-DNA_C05,,,Pass,Pass,46,-14.74,11.75,42.34,0.66,26.78,376.10,95.67,319.48,96.8,4.85,4.40,70889,25004,237,2016-04-29,Breast,14.21,1.16,94.30,4083141685
LP3000079-DNA_D01,,,Pass,Pass,30,-21.97,15.68,61.85,1.36,27.34,498.40,94.06,320.80,96.8,5.76,4.56,584844,35984,206,2016-02-17,Prostate,11.94,4.45,85.71,4694320262
LP3000079-DNA_D02,,,Pass,Pass,20,-10.18,6.86,38.50,1.26,26.03,516.40,92.29,279.46,96.8,5.07,4.57,117387,37280,449,2016-02-22,Colorectal,20.01,1.50,71.85,2448592335
LP3000079-DNA_D04,,,Pass,Pass,68,-2.46,4.96,20.82,0.89,26.17,472.90,95.33,267.64,96.8,4.57,4.37,37640,23789,158,2016-02-09,Prostate,13.24,1.66,84.59,3650698811
LP3000079-DNA_E01,,,Pass,Pass,20,-21.71,16.62,52.69,2.02,27.62,528.00,90.18,283.52,96.6,6.04,4.73,1088575,54463,443,2016-02-17,Prostate,18.31,11.88,67.43,2685187385
LP3000079-DNA_E02,,,Pass,Pass,31,-14.44,13.77,48.16,0.56,26.20,384.70,95.73,313.66,96.7,4.83,4.25,67927,17966,245,2016-03-30,Prostate,12.58,6.02,97.38,4465352744
LP3000079-DNA_E03,,,Pass,Pass,47,-7.64,6.55,31.12,0.66,28.64,426.40,94.91,312.13,96.9,4.56,4.53,36886,34283,189,2015-12-10,Colorectal,13.06,.73,91.62,4172772169
LP3000079-DNA_E05,,,Pass,Pass,45,0.60,4.26,22.58,0.36,26.32,453.50,96.01,311.17,96.9,4.44,4.19,27504,15421,226,2016-02-10,Breast,15.55,1.31,99.42,3625098616
LP3000079-DNA_F01,,,Pass,Pass,58,-17.40,13.81,48.06,0.85,27.09,476.60,95.82,311.92,96.6,5.31,4.57,205390,37350,188,2016-02-17,Colorectal,14.56,5.28,91.02,3870360553
LP3000079-DNA_F02,,,Pass,Pass,69,-13.59,11.45,44.68,0.57,25.81,419.40,96.28,320.03,96.8,4.57,4.39,37545,24762,159,2016-03-30,Breast,9.75,1.26,97.36,5830287933
LP3000079-DNA_F03,,,Pass,Pass,30,-3.63,5.65,22.70,0.71,28.74,404.50,94.68,299.80,96.9,4.69,4.53,48586,33699,196,2015-11-30,Colorectal,12.60,.71,91.63,4231922329
LP3000079-DNA_G01,,,Pass,Pass,27,-23.90,17.34,58.31,1.48,27.03,497.00,93.40,296.65,96.4,5.71,4.59,514696,38677,230,2016-03-09,Prostate,13.59,13.63,79.79,3865409643
LP3000079-DNA_G02,,,Pass,Pass,20,0.83,4.33,26.68,0.56,38.47,423.10,94.99,326.20,96.8,5.32,5.64,209730,435408,225,2015-10-19,Colorectal,17.05,1.30,101.83,3373228014
LP3000079-DNA_G03,,,Pass,Pass,50,-13.90,13.10,39.81,0.60,27.56,358.90,95.26,299.18,96.7,4.93,4.45,85114,28002,372,2016-03-02,Breast,11.34,1.85,89.93,4787780345
LP3000079-DNA_G04,,,Fail,Fail
LP3000079-DNA_G05,,,Pass,Pass,46,-10.21,8.55,32.01,0.93,23.96,485.20,94.84,308.46,96.9,4.82,4.45,65975,28507,269,2015-12-24,Colorectal,16.35,.73,91.81,3380324692
LP3000079-DNA_H01,,,Pass,Pass,85,-29.63,18.68,63.83,2.25,27.18,574.90,91.38,284.73,85.5,6.06,4.86,1141664,73286,447,2016-02-01,Colorectal,12.57,25.08,66.06,3850772977
LP3000079-DNA_H03,,,Pass,Pass,40,-2.25,6.07,24.39,0.46,30.83,436.20,95.48,325.53,96.8,4.61,4.49,40650,31067,170,2015-11-30,Colorectal,15.47,1.13,99.97,3752432764
LP3000079-DNA_H05,,,1.50 percent of contaminating DNA,1.22 percent of contaminating DNA,24,-3.13,4.57,34.96,0.74,31.38,426.20,94.17,315.80,96.9,4.63,4.46,42807,29127,232,2016-01-07,Colorectal,14.54,.78,90.53,3780141473
LP3000162-DNA_A01,,,Pass,Pass,72,-4.36,5.59,26.46,1.04,26.95,480.10,95.04,314.62,97.0,4.67,4.60,47072,39519,327,2016-01-26,Prostate,22.03,.75,95.37,2575984225
LP3000162-DNA_B01,,,Pass,Pass,39,-1.06,4.68,18.01,0.40,25.28,399.60,95.50,301.99,96.9,4.32,4.54,20846,34753,163,2016-04-01,Breast,25.00,.84,93.84,2226278186
LP3000162-DNA_C01,,,Pass,Pass,85,-6.34,7.87,25.20,0.58,33.34,383.40,95.75,323.68,96.9,4.69,4.30,49278,19923,232,2016-01-21,Breast,18.17,.92,99.63,3211531788
LP3000162-DNA_D01,,,Pass,Pass,21,0.80,2.45,21.11,0.30,16.20,420.10,97.19,339.53,96.9,5.06,4.36,115628,23319,174,2015-11-18,Lung,15.48,1.09,112.79,4001360387
LP3000162-DNA_E01,,,Pass,Pass,53,-5.00,5.52,26.17,0.49,23.20,387.30,95.04,323.78,96.9,4.50,4.37,31844,23800,162,2015-11-13,Lung,18.54,1.02,99.84,3188036382
LP3000162-DNA_F01,,,Pass,Pass,21,-3.09,4.90,27.58,0.50,19.96,455.70,93.82,347.80,96.9,4.80,4.40,63032,25236,91,2016-01-04,Lung,12.93,.95,108.24,4727780819
LP3000156-DNA_A02,,,Pass,Pass,60,-2.15,3.44,24.37,0.52,25.23,369.20,91.11,312.93,96.6,4.56,4.42,35989,26600,377,2016-06-22,Ovarian,15.09,4.63,98.26,3748327494
LP3000156-DNA_B02,,,Pass,Pass,39,-10.99,9.79,39.99,0.72,26.60,393.90,96.04,347.02,96.9,4.76,4.39,57272,24536,166,2016-07-28,Breast,10.51,.97,104.80,5859807134
LP3000156-DNA_B03,,,Pass,Pass,22,-0.92,4.00,31.48,1.25,27.36,522.10,93.23,337.73,97.0,4.72,4.50,52068,31701,187,2016-06-27,Colorectal,13.19,.97,97.50,4331164062
LP3000156-DNA_C01,,,Pass,Pass,33,-15.22,12.72,49.17,0.58,26.84,380.10,96.50,332.86,96.8,5.00,4.40,99171,25165,217,2016-06-16,Breast,10.94,1.78,99.52,5427241325
LP3000156-DNA_C02,,,Pass,Pass,73,-14.42,12.24,47.56,0.56,26.45,398.60,96.62,335.49,96.7,4.70,4.33,50522,21456,185,2016-07-28,Breast,15.11,2.78,103.01,4029005766
LP3000156-DNA_C03,,,Pass,Pass,20,2.01,2.80,21.70,0.57,24.20,426.40,95.68,343.81,97.0,4.33,4.36,21267,22733,81,2016-06-22,Adult Glioma,11.36,1.22,110.37,5281001330
LP3000156-DNA_C04,,,Pass,Pass,21,-6.26,6.28,43.40,0.81,24.04,423.60,95.79,469.67,97.1,4.63,4.12,43175,13158,431,2016-06-27,Ovarian,8.95,.55,142.75,9045720101
LP3000156-DNA_D01,,,Pass,Pass,100,-13.40,11.47,43.21,0.54,26.67,383.50,96.23,333.05,96.9,4.86,4.44,72488,27730,160,2016-06-16,Breast,14.38,.64,99.80,4180382937
LP3000156-DNA_D02,,,Pass,Pass,20,-8.66,9.01,36.32,0.63,21.80,372.00,96.11,329.41,96.9,4.87,4.40,74001,25169,135,2016-07-28,Lung,15.38,1.07,102.33,3878325224
LP3000156-DNA_E01,,,Pass,Pass,71,-13.60,11.40,44.28,0.67,26.29,387.50,96.29,333.50,96.8,5.08,4.50,121316,32018,416,2016-06-16,Breast,11.77,2.07,100.35,5078069866
LP3000156-DNA_E02,,,Pass,Pass,20,-11.52,12.41,36.23,1.16,30.48,455.30,93.06,300.31,96.8,5.80,5.68,623014,479036,269,2016-07-28,Colorectal,14.79,1.57,86.67,3607429564
LP3000156-DNA_F02,,,Pass,Pass,28,-18.45,13.87,50.74,1.87,26.34,543.10,93.43,320.61,96.8,5.86,4.52,734079,33430,252,2016-07-28,Lung,11.91,1.96,86.91,4609815776
LP3000156-DNA_F03,,,Pass,Pass,85,-5.14,7.07,24.34,0.99,39.95,492.00,94.05,317.87,96.9,5.10,5.34,124324,219680,143,2016-07-18,Adult Glioma,10.80,.87,97.57,5310237408
LP3000156-DNA_G01,,,Pass,Pass,20,-2.14,5.47,28.91,0.59,24.81,416.70,94.29,339.53,96.9,4.46,4.46,28741,29329,121,2016-04-20,Prostate,13.27,1.31,106.81,4524648190
LP3000156-DNA_G02,,,Fail,Fail
LP3000156-DNA_G03,,,Pass,Pass,17,-1.97,4.31,20.67,1.15,24.36,484.80,93.74,329.69,97.0,4.62,4.38,41506,24336,156,2016-07-26,Breast,15.10,.75,98.20,3790337592
LP3000156-DNA_H01,,,Pass,Pass,20,-3.07,6.36,29.26,0.57,23.03,407.10,94.72,341.95,96.9,4.37,4.36,23767,22882,71,2016-04-11,Prostate,10.74,.91,107.40,5589693785
LP3000156-DNA_H02,,,Pass,Pass,20,-0.26,3.27,24.74,0.84,24.58,478.40,94.85,334.88,97.0,4.44,4.39,27983,24585,161,2016-06-16,Breast,13.62,.76,100.74,4284717143
LP3000156-DNA_H03,,,Pass,Pass,57,-12.14,11.47,41.57,0.70,23.02,385.10,95.79,344.01,96.9,5.01,4.50,102829,31676,366,2016-08-17,Colorectal,14.00,1.12,105.85,4349172115
LP3000135-DNA_A01,,,Pass,Pass,30,-9.81,11.28,25.19,0.72,23.19,374.80,95.16,223.00,96.7,4.80,4.17,62942,14766,127,2016-10-06,Lung,11.42,3.05,68.75,3523409367
LP3000135-DNA_A02,,,Pass,Pass,33,-14.44,12.49,37.93,0.93,24.29,442.80,94.74,280.72,96.8,4.41,4.18,25717,15313,470,2016-09-16,Lung,20.13,1.93,82.71,2577187494
LP3000135-DNA_A03,,,Pass,Pass,77,-8.80,10.88,38.65,0.47,26.75,420.80,96.43,333.58,96.5,4.28,4.18,19078,15172,262,2016-08-24,Endometrial Carcinoma,10.39,3.21,107.72,5781784654
LP3000135-DNA_A04,,,Pass,Pass,25,-11.35,11.62,35.49,1.71,18.87,544.30,93.14,321.16,97.0,4.97,4.25,94262,18008,213,2016-09-16,Lung,10.55,.96,91.17,5263797939
LP3000135-DNA_B01,,,Pass,Pass,20,-19.45,14.37,54.40,0.83,25.57,453.50,95.44,324.79,96.6,4.40,4.18,24875,15202,507,2016-10-06,Breast,10.33,8.01,95.18,5737535656
LP3000135-DNA_B02,,,Pass,Pass,37,-9.74,10.46,29.28,0.94,21.44,431.00,93.37,273.95,96.8,4.62,4.25,41841,17761,543,2016-08-25,Lung,21.56,1.70,78.24,2299342305
LP3000135-DNA_C01,,,Pass,Pass,48,-12.09,11.43,38.06,0.88,28.77,470.10,94.99,324.94,96.9,4.40,4.26,24862,18307,155,2016-10-06,Colorectal,9.40,.86,96.02,6222747266
LP3000135-DNA_C03,,,Pass,Pass,33,-23.39,17.19,61.68,3.28,25.40,673.10,90.59,319.73,96.4,4.69,4.27,49138,18928,353,2016-09-16,Colorectal,9.70,12.82,75.71,5346089602
LP3000135-DNA_D02,,,Pass,Pass,20,-2.55,5.57,16.38,1.00,26.66,508.40,93.62,222.01,96.7,3.93,4.08,8482,12041,91,2016-06-07,Prostate,13.52,2.81,68.34,2858962864
LP3000135-DNA_D03,,,Fail,Fail
LP3000135-DNA_E03,,,Pass,Pass,74,-5.94,7.31,24.40,0.91,27.94,473.60,94.46,327.89,97.0,4.27,4.20,18793,15827,156,2016-10-18,Ovarian,11.26,.76,98.04,5098164082
LP3000135-DNA_F01,,,Pass,Pass,77,-8.37,11.34,36.13,0.69,29.55,399.00,95.56,330.84,96.9,4.32,4.19,20882,15642,210,2016-09-16,Colorectal,10.04,1.38,103.62,5896039307
LP3000135-DNA_F03,,,Pass,Pass,54,-3.73,7.25,22.74,0.54,26.31,384.60,95.16,313.70,96.9,4.28,4.17,19318,14803,460,2016-08-25,Breast,10.39,1.28,97.47,5490928888
LP3000135-DNA_G02,,,Pass,Pass,46,-20.49,16.05,52.39,1.12,31.69,471.10,94.83,318.64,96.5,4.50,4.36,31848,22793,242,2016-09-22,Colorectal,12.09,7.70,90.15,4736453295
LP3000135-DNA_H01,,,Pass,Pass,53,-4.59,8.13,25.97,0.57,22.56,384.20,95.27,309.83,96.9,4.43,4.17,26995,14904,122,2016-09-22,Lung,12.42,1.35,95.18,4485964775
LP3000135-DNA_H03,,,Fail,Fail
LP3000140-DNA_A01,,,Pass,Pass,30,-6.05,8.01,28.67,0.40,28.03,408.10,96.10,324.06,97.0,4.18,4.16,15249,14540,200,2016-09-28,Breast,13.29,.79,100.85,4442930222
LP3000140-DNA_A02,,,Fail,Fail
LP3000140-DNA_A03,,,Pass,Pass,45,-5.09,7.88,19.71,2.15,25.67,547.70,90.81,272.86,96.8,4.29,4.21,19696,16290,557,2016-09-16,Renal,16.98,1.06,78.18,2871111035
LP3000140-DNA_C02,,,2.90 percent of contaminating DNA,1.85 percent of contaminating DNA,35,-14.27,11.47,32.15,1.33,34.77,474.60,93.43,291.89,96.9,4.69,4.40,49160,25109,352,2016-10-11,Breast,12.52,.70,82.15,4218578339
LP3000140-DNA_D02,,,Pass,Pass,39,-5.82,7.60,18.39,1.22,29.82,458.30,92.71,274.42,96.9,4.16,4.21,14618,16207,512,2016-09-16,Prostate,16.87,1.07,81.32,2968151122
LP3000140-DNA_D03,,,Pass,Pass,34,-8.54,9.37,31.76,0.53,27.34,395.10,95.75,324.56,97.0,4.16,4.23,14419,17110,115,2016-09-22,Breast,13.21,.76,98.53,4482641816
LP3000140-DNA_E02,,,1.00 percent of contaminating DNA,1.10 percent of contaminating DNA,45,-3.33,6.27,17.52,0.92,28.50,445.40,93.43,293.07,96.9,4.24,4.35,17608,22408,305,2016-10-11,Breast,14.72,1.02,88.26,3682363778
LP3000140-DNA_F01,,,Pass,Pass,32,-2.74,4.16,22.37,0.48,27.28,415.60,96.52,219.84,96.4,4.10,4.11,12516,12936,77,2016-08-25,Renal,12.38,2.10,71.05,3284312785
LP3000140-DNA_F02,,,Pass,Pass,20,-4.01,6.83,21.94,2.18,26.10,573.00,92.50,307.72,96.9,4.26,4.19,18062,15626,254,2016-10-04,Renal,14.73,.92,88.25,3626424819
LP3000140-DNA_F03,,,Pass,Pass,62,-20.25,14.12,52.81,1.13,28.06,497.80,95.10,329.40,96.7,4.26,4.24,18198,17557,392,2016-09-16,Breast,13.96,4.72,91.85,4192672670
LP3000140-DNA_H01,,,Pass,Pass,55,-0.52,3.98,21.35,0.44,27.94,440.80,95.87,333.67,97.0,4.17,4.30,14793,19785,319,2016-10-11,Breast,11.65,1.02,105.67,5182914436
LP3000140-DNA_H02,,,Fail,Fail
LP3000140-DNA_H03,,,Pass,Pass,60,-1.35,4.23,24.31,0.56,24.94,441.70,95.88,336.38,97.0,4.39,4.17,24587,15045,349,2016-10-04,Breast,9.27,1.06,106.91,6529450417
LP3000212-DNA_B02,,,Pass,Pass,97,0.29,5.24,24.05,0.56,26.24,386.30,95.15,323.11,97.0,4.23,4.14,17201,13991,145,2016-10-12,Prostate,13.10,1.99,102.10,4444081336
LP3000212-DNA_C02,,,Pass,Pass,36,-16.49,12.88,50.15,0.98,28.92,483.60,95.24,312.90,96.8,4.27,4.20,18949,16050,248,2016-09-08,Breast,9.58,3.56,90.60,5824461579
LP3000212-DNA_E02,,,Pass,Pass,63,-5.36,8.36,26.14,0.56,27.75,392.80,95.33,326.97,97.0,4.20,4.14,15800,13870,209,2016-09-08,Breast,13.70,1.02,99.71,4301607609
LP3000212-DNA_F01,,,Pass,Pass,100,0.03,3.17,25.41,0.78,24.92,426.90,94.09,328.83,97.0,4.13,4.24,13507,17511,127,2016-07-05,Prostate,10.28,1.01,101.24,5558796227
LP3000212-DNA_F02,,,Pass,Pass,45,-8.68,9.97,33.78,0.53,34.12,430.60,96.21,336.72,97.0,4.29,3.93,19687,8470,202,2016-09-22,Breast,11.22,.82,105.11,5414560437
LP3000212-DNA_H02,,,Pass,Pass,32,-7.56,9.02,31.96,0.52,32.31,414.80,96.02,339.36,97.0,4.26,4.02,18086,10443,168,2016-10-20,Breast,10.74,.85,107.10,5628660321
LP3000214-DNA_A02,,,Pass,Pass,52,-30.82,18.88,69.42,2.00,28.85,542.50,92.58,296.74,79.6,4.43,4.07,26768,11846,620,2016-02-11,Breast,11.50,23.42,69.24,4469878972
LP3000214-DNA_A04,,,Pass,Pass,87,-6.11,8.73,29.32,0.43,27.29,422.00,95.98,336.42,97.0,4.20,4.14,15809,13803,155,2016-10-20,Breast,12.46,.93,108.18,4847072065
LP3000214-DNA_A06,,,Pass,Pass,53,-0.57,6.09,19.44,0.44,28.41,413.10,95.63,308.04,96.9,4.23,4.20,16946,15725,254,2016-10-20,Endometrial Carcinoma,11.22,1.13,98.10,5004800856
LP3000214-DNA_B04,,,Pass,Pass,67,-13.72,11.97,29.15,0.64,26.70,398.60,96.14,222.65,96.2,4.33,4.21,21459,16423,251,2016-03-30,Colorectal,11.50,8.09,67.97,3504034132
LP3000214-DNA_B06,,,Pass,Pass,77,-24.15,15.32,62.35,0.93,30.04,473.90,95.46,316.05,96.7,4.21,4.11,16328,12897,278,2016-04-07,Breast,10.38,10.47,88.99,5547545850
LP3000214-DNA_C04,,,Pass,Pass,76,-5.70,9.35,25.89,0.52,31.04,385.40,95.38,318.16,96.9,4.35,4.22,22508,16754,241,2016-04-14,Colorectal,12.98,.98,99.18,4453629255
LP3000214-DNA_D03,,,Pass,Pass,87,-14.92,12.58,46.53,0.72,26.56,420.90,96.11,329.73,96.2,4.38,4.18,24250,15236,609,2016-05-04,Breast,12.25,5.53,101.80,4862777889
LP3000214-DNA_E01,,,Pass,Pass,77,-14.76,9.46,18.28,0.49,18.25,415.20,78.42,294.58,96.7,4.82,4.22,65995,16674,387,2015-10-17,Lung,10.74,1.71,82.80,4439420998
LP3000214-DNA_E02,,,Pass,Pass,96,-28.99,18.17,59.26,1.55,28.09,509.70,92.79,296.46,85.0,4.42,4.20,26409,15802,468,2016-04-14,Breast,11.37,20.99,76.09,4594504833
LP3000214-DNA_E04,,,Pass,Pass,20,-9.87,10.99,27.69,0.65,41.57,401.50,95.94,223.16,96.6,4.83,5.19,68277,155769,117,2016-10-06,Colorectal,11.03,4.19,70.59,3651365638
LP3000214-DNA_F01,,,Pass,Pass,46,-8.54,9.71,33.30,0.51,29.05,423.80,95.85,325.82,96.9,4.23,4.16,17012,14431,373,2016-08-10,Breast,9.01,.93,100.79,6469130516
LP3000214-DNA_F02,,,Pass,Pass,42,-9.94,8.66,28.63,0.76,30.34,422.50,91.75,319.48,97.0,4.27,4.25,18647,17864,190,2016-04-21,Colorectal,12.05,.77,95.29,4645846784
LP3000214-DNA_F03,,,Pass,Pass,24,-15.84,12.11,34.78,0.67,30.66,397.90,95.79,222.00,96.6,4.06,4.09,11552,12265,160,2016-04-07,Lung,8.89,7.57,64.79,4461824894
LP3000214-DNA_F04,,,Pass,Pass,22,-15.70,14.04,35.32,0.78,33.57,396.80,95.94,227.56,96.0,4.36,4.13,22700,13570,169,2016-04-07,Colorectal,9.45,11.12,68.96,4341676831
LP3000214-DNA_G04,,,Pass,Pass,62,-8.55,9.87,28.57,0.48,29.63,362.50,95.75,293.42,96.8,4.36,4.21,23323,16372,278,2016-02-17,Colorectal,19.71,1.28,88.29,2821415663
LP3000214-DNA_H01,,,Pass,Pass,57,-12.34,10.22,41.83,0.49,29.65,414.60,96.21,322.31,96.8,4.22,4.19,16708,15465,220,2016-04-14,Breast,12.27,1.65,98.56,4738293588
LP3000214-DNA_H02,,,Pass,Pass,64,-8.18,10.00,30.32,0.46,24.02,400.60,95.86,317.59,96.9,4.33,4.24,21779,17444,489,2016-04-14,Ovarian,11.83,1.20,99.88,4884377122
LP3000168-DNA_B01,,,Pass,Pass,29,-4.87,6.99,19.00,0.87,28.24,475.20,94.13,325.32,97.0,4.28,4.26,18970,18233,220,2016-09-21,Ovarian,13.91,1.05,99.23,4181791097
LP3000168-DNA_C02,,,Pass,Pass,32,-11.48,10.69,42.90,0.51,27.75,419.90,96.28,332.84,96.9,4.15,4.10,14072,12503,144,2016-10-27,Renal,12.28,1.14,103.48,4971712828
LP3000168-DNA_G01,,,Pass,Pass,25,-2.72,6.79,24.52,0.49,26.61,421.20,96.27,339.73,97.0,4.16,4.24,14686,17615,94,2016-10-19,Breast,12.27,1.08,109.51,5029074848
LP3000168-DNA_H02,,,Pass,Pass,30,-5.77,6.74,26.45,0.51,27.62,401.40,90.73,315.54,96.8,5.83,4.62,681746,41972,84,2016-05-20,Colorectal,15.36,2.53,96.32,3707040101
LP3000172-DNA_A01,,,Pass,Pass,91,-1.95,6.75,21.20,0.49,28.32,384.40,94.78,316.83,96.9,4.31,4.26,20694,18281,95,2016-11-24,Bladder,13.48,1.50,100.19,4285216332
LP3000172-DNA_A02,,,Pass,Pass,40,-13.37,12.18,39.47,0.55,23.05,392.00,95.61,312.22,96.8,4.55,4.33,35405,21353,196,2016-10-27,Colorectal,11.90,2.05,94.38,4938520491
LP3000172-DNA_B01,,,Pass,Pass,29,-9.18,9.82,35.09,0.44,40.91,416.60,96.21,334.50,96.9,4.62,3.96,41537,9150,236,2016-10-27,Breast,9.39,.99,105.81,6525903940
LP3000172-DNA_B02,,,Pass,Pass,56,-2.03,5.94,22.54,0.40,20.43,397.80,95.41,321.43,97.0,4.60,4.39,39452,24473,216,2016-11-02,Colorectal,11.47,1.09,102.47,5235292018
LP3000172-DNA_C01,,,Pass,Pass,80,-10.31,9.98,35.67,0.63,42.67,414.00,95.76,329.13,97.0,4.30,4.17,20208,14813,131,2016-11-10,Breast,12.39,1.24,101.19,4838705063
LP3000172-DNA_C02,,,Pass,Pass,85,-17.45,12.95,35.16,1.09,51.32,446.70,89.29,268.76,96.8,4.76,5.15,56982,140670,371,2016-10-06,Renal,19.51,1.57,71.96,2573139966
LP3000172-DNA_D01,,,Pass,Pass,57,-8.74,10.20,39.49,0.49,27.07,391.30,96.07,333.50,96.9,4.23,4.20,16999,15780,139,2016-11-10,Prostate,10.46,1.48,106.55,5834005773
LP3000172-DNA_D02,,,Pass,Pass,50,-14.75,11.95,35.88,0.92,26.32,461.50,92.74,290.49,96.9,4.14,4.24,14003,17492,275,2016-07-29,Prostate,16.46,1.20,83.29,3242664039
LP3000172-DNA_E01,,,Pass,Pass,48,-10.07,9.82,22.01,1.69,29.04,505.40,88.46,275.98,96.9,4.20,4.23,15898,16971,462,2016-06-20,Prostate,16.40,1.08,76.39,3010198474
LP3000172-DNA_E02,,,Pass,Pass,60,-6.73,7.64,26.06,0.69,25.28,391.10,91.06,304.39,96.9,4.23,4.17,17283,14966,138,2016-07-05,Prostate,15.08,1.31,90.25,3663320094
LP3000172-DNA_F01,,,Pass,Pass,56,-4.05,6.98,22.47,0.47,22.18,398.50,95.36,319.38,96.9,4.50,4.25,31264,17919,160,2016-10-27,Colorectal,9.06,1.08,99.49,6626382470
LP3000172-DNA_F02,,,Pass,Pass,20,-5.36,6.60,28.12,0.48,26.84,418.40,93.88,317.23,97.0,4.14,4.15,13866,14190,79,2016-07-04,Prostate,10.59,.90,98.21,5502894521
LP3000172-DNA_G01,,,Pass,Pass,57,-13.40,12.34,38.25,0.61,27.06,369.50,94.58,298.64,96.8,4.20,4.15,15757,14326,338,2016-10-27,Prostate,12.99,1.73,89.71,4358761013
LP3000172-DNA_G02,,,Fail,Fail
LP3000172-DNA_H01,,,Pass,Pass,77,-11.72,11.34,35.92,0.70,31.02,399.40,95.23,317.95,96.9,4.46,4.36,29046,23129,279,2016-10-27,Colorectal,9.59,.97,95.98,6150662899
LP3000172-DNA_H02,,,Pass,Pass,25,-6.28,7.42,28.75,0.47,37.63,402.00,94.73,314.61,96.8,4.76,4.25,57841,18007,277,2016-09-20,Breast,15.08,.90,96.98,3857430071
